Sentiment_Category,Low,Medium,High,Critical
Churn Risk,48.89450064962422,298.72717340469103,2757.3643845642,26278.975047028354
General Inquiry,131.7053646381893,837.3015956286304,8515.541878814749,81769.53125555349
Pricing Complaint,41.85804512168046,293.0633129201838,2644.3357373072477,24978.11206288064
